id,name,date,message
1732084852,anon,Wednesday 20th of November 2024 05:40 PM,sdafsadfsadfsadf
1732085613,anon,Wednesday 20th of November 2024 05:53 PM,"
<br>sdfasdfsdf"
1732085975,anon,Wednesday 20th of November 2024 05:59 PM,AWFASDaSDASdaSDFASF
1732086659,test,Wednesday 20th of November 2024 06:10 PM,"sdfasdfsadf
<br>
<br>sadfsadfsdfasdfsadf
<br>bold
<br>"
1732086693,test,Wednesday 20th of November 2024 06:11 PM,"sdfasdfsadf
<br>
<br>sadfsadfsdfasdfsadf
<br>bold
<br>"
1732098087,gene,Wednesday 20th of November 2024 09:55 PM,">sdfsdhjfkj
"
1732104160,Gene,Wednesday 20th of November 2024 11:02 PM,"Lorem ipsum dolor sit amet, consectetur adipiscing elit, sed do eiusmod tempor incididunt ut labore et dolore magna aliqua. Ut enim ad minim veniam, quis nostrud exercitation ullamco laboris nisi ut aliquip ex ea commodo consequat. Duis aute irure dolor in reprehenderit in voluptate velit esse cillum dolore eu fugiat nulla pariatur. Excepteur sint occaecat cupidatat non proident, sunt in culpa qui officia deserunt mollit anim id est laborum."
1732109408,Gene,Thursday 21st of November 2024 12:30 AM,">sdjhfgsdjkfg
<br>
>sdkfjskdfh
<br>
sdkjfhskdjfhsasdfasdfasdfa"
1732109421,anon,Thursday 21st of November 2024 12:30 AM,awfewaerwaefwaefcwaefwaer
1732110167,anon,Thursday 21st of November 2024 12:42 AM,asdaSDASdaSDsgdffsdafg
1732110180,anon,Thursday 21st of November 2024 12:43 AM,;ldfgk;dlfkg;dlfkg;ldkfgdsfg
1732113876,anon,"Thursday 21st of November 2024 01:44 AM","reply_to:1732086693<br>
sdfgdsfgdsfg"
1732114053,anon,"Thursday 21st of November 2024 01:47 AM",sgdfsgdfsgsdfgdsfg
1732116229,Gene,"Thursday 21st of November 2024 02:23 AM","reply_to:1732098087<br>
Lorem ipsum dolor sit amet, consectetur adipiscing elit, sed do eiusmod tempor incididunt ut labore et dolore magna aliqua. Ut enim ad minim veniam, quis nostrud exercitation ullamco laboris nisi ut aliquip ex ea commodo consequat. Duis aute irure dolor in reprehenderit in voluptate velit esse cillum dolore eu fugiat nulla pariatur. Excepteur sint occaecat cupidatat non proident, sunt in culpa qui officia deserunt mollit anim id est laborum."
1732116908,test,"Thursday 21st of November 2024 02:35 AM","reply_to:1732104160<br>
Lorem ipsum dolor sit amet, consectetur adipiscing elit, sed do eiusmod tempor incididunt ut labore et dolore magna aliqua. Ut enim ad minim veniam, quis nostrud exercitation ullamco laboris nisi ut aliquip ex ea commodo consequat. Duis aute irure dolor in reprehenderit in voluptate velit esse cillum dolore eu fugiat nulla pariatur. Excepteur sint occaecat cupidatat non proident, sunt in culpa qui officia deserunt mollit anim id est laborum."
